FIPSST,NAMEPCAP,Number of Records,PSTATABB,STBMPR,STC2ERTA,STCCO2RT,STCCO2R,STCH4AN,STCH4CRT,STCH4RTA,STCLPR,STCNOXRT,STCNOXR,STCNPR,STCNXORT,STCNXOR,STCO2AN,STCO2CRT,STCO2EQA,STCO2RA,STCO2RTA,STCSO2RT,STCSO2R,STCYPR,STFSC2RT,STFSC2R,STFSNORT,STFSNOR,STFSNXRT,STFSNXR,STFSS2RT,STFSS2R,STGCO2RT,STGCO2R,STGENABM,STGENACL,STGENACN,STGENACY,STGENAGS,STGENAGT,STGENAHY,STGENANC,STGENAOF,STGENAOL,STGENAOP,STGENASO,STGENATH,STGENATN,STGENATR,STGENAWI,STGNOXRT,STGNOXR,STGNXORT,STGNXOR,STGSO2RT,STGSO2R,STGSPR,STGTPR,STHTIANT,STHTIAN,STHTIOZT,STHTIOZ,STHYPR,STN2OAN,STN2OCRT,STN2ORTA,STNBCH4,STNBCO2,STNBN2O,STNBNOX,STNBNXO,STNBSO2,STNCPR,STNGENAN,STNGENOZ,STNOXAN,STNOXCRO,STNOXCRT,STNOXOZ,STNOXRA,STNOXRO,STNOXRTA,STNOXRTO,STOCO2RT,STOCO2R,STOFPR,STOLPR,STONOXRT,STONOXR,STONXORT,STONXOR,STOPPR,STOSO2RT,STOSO2R,STSO2AN,STSO2CRT,STSO2RA,STSO2RTA,STSOPR,STTHPR,STTNPR,STTRPR,STWIPR
2,3183.6,1,AK,1.034081176,878.096,2523.732,212.886,268515.438,61.665,44.418,9.235384756,1.331,0.112,27.967826455,1.399,0.124,2644805.351,1214.76,2654106.334,138.934,875.018,3.92,0.331,72.032173545,1228.914,140.951,5.067,0.459,5.115,0.587,0.973,0.112,880.12,116.905,62511.682,558292.181,1690695,4354447.631,3288022.316,0,1538738,0,0,445621.452,0,0,214468.682,4291935.949,1753206.682,151957,2.645,0.351,2.807,0.27,0.008,0.001,54.391145366,0,54140994.2,38072938.514,24706924.632,18277084.001,25.454122325,41816.591,9.603,6.917,113.849,1241.396,18.851,6.16,6.087,1.046,0,6045142.31,2332695.111,11021.02,4.927,5.062,4139.188,0.579,0.453,3.646,3.549,2133.904,159.433,0,7.371562248,27.463,2.052,28.114,1.771,0,4.263,0.319,2104.742,0.967,0.111,0.696,0,3.547785306,70.998092369,29.001907631,2.513704130
1,38310.8,1,AL,1.813656718,1059.678,2182.673,198.624,13209153.544,134.052,88.505,31.684983770,1.708,0.155,33.977357219,1.563,0.14,78643036.919,1596.205,79077486,169.46,1053.856,4.257,0.387,66.022642781,1626.479,171.974,0.957,0.099,1.032,0.109,2.478,0.262,864.354,117.448,2706848.241,47289237.12,50710561,98537541.707,48262938.443,0,9466872,41243689,180543.982,97973.921,0,0,2706848.241,137074382.466,12173720.241,0,0.106,0.014,0.103,0.014,0.041,0.006,32.337388260,0,1449562725.374,928160456.37,644376966.657,434957948.644,6.343043448,1922314.433,19.508,12.88,258.386,1614.635,37.468,1.297,1.219,3.876,27.634313771,149248102.877,65358561.141,50854.734,1.005,1.032,21688.81,0.11,0.1,0.681,0.664,1571.669,163.325,0.120969030,0.065645003,29.406,3.056,29.421,3.052,0,2.785,0.289,120922.146,2.454,0.261,1.62,0,1.813656718,91.843299834,8.156700166,0
5,19443.7,1,AR,2.484435077,1292.944,2126.045,209.739,8476456.817,190.881,137.622,53.936681873,2.25,0.222,27.901459390,2.394,0.234,39535585.29,1780.6,39817584.671,189.677,1283.787,4.57,0.451,72.098540610,1852.58,194.249,1.894,0.198,1.803,0.189,3.568,0.374,880.036,118.841,1530216.648,33220754.814,17185105,44407031.669,9613708.033,0,2706846,14478259,13078.409,29273.765,0,0,1530216.648,57355074.021,4237062.648,0,0.212,0.029,0.271,0.036,0.005,0.001,15.608661353,0,593470320.98,416873788.98,255790286.06,187421269.061,4.394791521,1245139.275,28.039,20.216,232.939,1382.65,34.077,1.127,1.202,2.098,23.506667869,61592136.606,26538281.37,39444.419,1.94,1.776,18555.298,0.189,0.198,1.281,1.398,,,0.021233894,0.047528413,,,,,0,,,77729.002,3.501,0.373,2.524,0,2.484435077,93.120773402,6.879226598,0
4,39165.9,1,AZ,0.205687910,1117.726,2237.294,205.465,11309164.667,161.261,103.964,38.032221749,2.17,0.199,37.485518475,2.132,0.195,60422378.359,1723.166,60793075.749,178.682,1110.911,1.038,0.095,62.514481525,1817.127,179.64,1.299,0.13,1.462,0.145,0.679,0.067,1029.474,118.806,230743.21,42665010.85,42051712.44,70129508.872,27176892.667,0,6132153,32320917,0,56862.145,0,3130527.44,3829385.65,102219682.662,9961538.65,468115,0.136,0.016,0.131,0.015,0.005,0.001,24.225884109,0,1106770070.037,676312664.037,527976868.935,337063629.94,5.466291888,1625491.358,23.178,14.943,163.025,1375.789,22.66,0.786,0.642,0.51,28.811343487,108779907.038,52361316.29,49433.796,1.311,1.41,22134.005,0.146,0.131,0.909,0.845,3128.623,163.326,0,0.050687757,16.858,0.88,16.86,0.88,0,9.675,0.505,22610.566,0.645,0.067,0.416,2.790598465,3.413571011,91.120137102,8.879862898,0.417284635
6,105821.4,1,CA,3.472883508,555.4,2147.447,205.789,6680665.25,51.694,33.87,0.407236637,0.72,0.069,34.602567473,0.58,0.053,54587168.903,844.774,54774530.623,111.373,553.5,3.701,0.355,65.397432527,868.243,118.734,0.193,0.026,0.193,0.026,0.033,0.004,859.378,117.86,6862929.352,804759.578,68379770.13,129234959.421,119431363.322,12101728,16420784.08,16985978,1435175.954,64721.019,636010.196,9883633.81,41835937.402,139358008.069,58256721.482,12987646.24,0.181,0.025,0.181,0.025,0.006,0.001,60.436468270,6.123899786,1648520376.822,980257757.047,775829705.415,431184238.747,8.309493992,817718.539,6.327,4.146,73.625,914.451,8.687,0.241,0.242,0.056,8.595501984,197243679.949,91692028.451,23056.244,0.331,0.357,9952.091,0.047,0.046,0.234,0.217,1512.334,150.375,0.726249484,0.032751111,20.186,2.007,19.959,1.976,0.321843517,2.998,0.298,5334.228,0.083,0.011,0.054,5.001466152,21.170455005,70.520051003,29.479948997,6.572205559
8,19132.7,1,CO,0.233450175,1593.249,2247.754,208.204,8508111.864,190.418,158.004,60.439057486,2.401,0.222,17.022584792,2.389,0.221,42616654.253,1907.589,42896147.646,188.144,1582.868,1.649,0.153,82.977415208,1914.878,188.747,1.86,0.183,1.883,0.186,1.224,0.121,995.688,119.304,125706.803,32544848.957,9166215.92,44681164.087,11953808.268,0,1544536.92,0,0,9926.059,46874,253065,7747385.803,44555457.284,9291922.723,7368614,0.45,0.054,0.441,0.053,0.048,0.006,22.199424125,0,542783284.922,453022259.921,232517800.946,199898860.943,2.868360392,1226827.217,27.457,22.783,304.975,1720.382,43.58,1.518,1.51,1.099,0,53847380.231,23019322.176,42388.645,1.936,1.897,18485.597,0.187,0.185,1.574,1.606,10364.811,163.326,0,0.018433690,70.572,1.112,70.528,1.113,0.087049732,30.982,0.488,27258.726,1.22,0.12,1.012,0.469967155,14.387674576,82.743965033,17.256034967,13.684257245
9,10401.8,1,CT,2.213336396,538.26,2186.618,209.749,2245481.287,129.259,66.727,2.450464530,1.422,0.136,48.397703994,1.878,0.134,8987821.628,1034.754,9056717.19,119.888,534.166,2.213,0.212,51.602296006,980.567,125.823,0.353,0.047,0.439,0.056,0.195,0.025,894.941,118.261,745118.8,824947.89,16293067.42,17371892.021,14683904.892,0,440742.19,15840619,604506.407,513414.032,0,11706.23,756825.03,32467392.221,1197567.22,0,0.343,0.045,0.334,0.045,0.031,0.004,43.617770928,0,319853564.007,149936482.007,136348113.007,62950591.006,1.309201607,292374.801,16.83,8.688,224.921,1136.155,30.155,0.839,0.699,0.459,47.053729644,33651815.798,14516892.126,6908.579,0.72,0.795,2696.825,0.092,0.086,0.411,0.372,1764.747,157.484,1.795654642,1.525069510,2.204,0.197,4.734,0.184,0,2.409,0.215,1831.784,0.211,0.024,0.109,0.034772744,2.248109139,96.442689253,3.557310747,0
11,24.9,1,DC,0,1185.76,0,0,1510.621,22.342,22.342,0,0,0,0,0,0,40046.514,1184.595,40085.79,116.889,1184.598,0,0,100,1184.598,116.889,0,0,0,0,0.006,0.001,1184.598,116.889,0,0,0,67612.16,67612.16,0,0,0,0,0,0,0,0,67612.16,0,0,0,0,0,0,0.006,0.001,100,0,685205.533,685205.533,330327.398,330327.398,0,151.062,2.234,2.234,44.685,1184.598,4.468,0,0,0.006,0,67612,32595,0,0,0,0,0,0,0,0,0,0,0,0,0,0,0,0,0,0,0,0.201,0.006,0.001,0.006,0,0,100,0,0
10,3999.5,1,DE,1.006802957,1045.923,2009.788,205.196,380229.005,50.404,50.042,11.389261091,0.756,0.077,0.718336701,0.816,0.079,3961771.727,1050.357,3973589.414,130.502,1042.812,1.724,0.176,99.281663299,1176.107,132.672,0.433,0.048,0.496,0.056,0.244,0.028,985.773,120.112,76499.38,865384.24,54581,7543666.446,6192122.317,0,0,0,226378.89,183281.619,0,49530,131080.38,7467167.066,131080.38,5051,0.389,0.047,0.338,0.041,0.013,0.002,81.494086117,0,61234794.28,60715726.28,28780284.626,28540167.627,0,50485.695,6.692,6.644,125.059,1110.213,16.955,0.518,0.457,0.293,0,7598247.016,3556770.998,2292.186,0.526,0.608,928.366,0.076,0.065,0.603,0.522,1409.134,120.867,2.979356643,2.412156491,0.837,0.072,0.704,0.06,0,0.054,0.005,829.318,0.22,0.027,0.218,0.651860845,1.725139658,98.274860342,1.725139658,0.066475856
12,95150.6,1,FL,2.100950278,1099.425,2165.21,203.007,20718375.797,102.741,90.094,22.635605624,1.544,0.145,12.309522226,1.516,0.142,125753313.343,1247.204,126414005.962,145.756,1093.679,3.201,0.3,87.690477774,1275.888,150.599,0.648,0.076,0.663,0.078,1.052,0.124,908.56,120.379,4831424.177,52053688.949,28307439.69,201656316.584,139995799.082,0,211388,27868270,1289281.697,1877919.178,1608203.501,227781.69,5059205.867,224693162.407,5270593.867,0,0.291,0.039,0.295,0.039,0.173,0.023,60.877331868,0,2031354634.077,1725530106.077,943345439.853,809266815.855,0.091922311,2859030.145,14.178,12.433,172.02,1232.045,23.68,0.659,0.644,0.914,12.118548789,229963756.27,106955020.644,74600.007,0.719,0.74,33715.491,0.086,0.083,0.649,0.63,1603.454,121.338,0.560645607,0.816615283,2.93,0.222,2.769,0.211,0.699329115,0.045,0.003,102244.467,1.014,0.119,0.889,0.099051126,2.200001404,97.708076285,2.291923715,0
13,51323.9,1,GA,3.308692590,1105.744,2261.581,207.053,13292243.919,146.338,105.657,36.000008132,1.535,0.14,27.799335284,1.005,0.093,69106579.224,1521.627,69554394.251,164.355,1098.625,2.848,0.261,72.200664716,1589.372,173.746,0.586,0.064,0.854,0.093,1.508,0.165,854.063,118.31,4162520.816,45290028.963,34973122.66,90832484.929,40953201.562,0,2283714,32570182,63485.631,360732.668,2515.289,119226.66,4281747.476,119240146.113,6565461.476,0,0.101,0.014,0.102,0.014,0.032,0.004,32.552763225,0,1211871721.198,840940783.195,561643015.874,404006288.876,1.815272025,1988686.876,21.894,15.808,304.822,1602.483,45.519,1.118,0.818,2.859,25.889292715,125805607.875,58175546.933,40114.757,0.647,0.883,13584.562,0.095,0.067,0.638,0.467,1317.354,202.901,0.050463276,0.286738147,2.004,0.309,1.447,0.248,0.001999346,2.574,0.397,75258.537,1.657,0.179,1.196,0.094770545,3.403463135,94.781264840,5.218735160,0
15,3221.2,1,HI,3.273470192,1338.859,1999.86,205.622,1444170.331,156.323,141.528,14.809490629,0.866,0.089,9.464796727,0.966,0.099,6781193.139,1468.052,6830964.719,159.668,1329.104,11.789,1.212,90.535203273,1522.126,171.422,4.626,0.497,4.472,0.504,8.837,0.995,0,0,334030.08,1511183.866,965802.84,9238355.452,0,253841,94083.09,0,256519.492,6925918.664,210703.35,39261.75,1205749.83,8904325.372,1299832.92,578617,0,0,0,0,0,0,0,2.487623111,94126166.055,84941381.053,42245315.697,38173465.693,0.922007355,223276.082,24.168,21.881,281.919,1425.065,44.901,5.663,5.853,7.604,0,10204158.502,4419392.544,19553.217,4.351,4.233,8704.889,0.46,0.456,3.832,3.939,1420.628,163.298,2.513872136,67.873493000,5.238,0.602,5.411,0.588,2.064877317,8.21,0.944,37542.071,8.127,0.884,7.358,0.384762259,11.816259563,87.261733082,12.738266918,5.670404000
19,19950.5,1,IA,0.468361184,1348.863,2196.382,208.968,8586910.39,241.78,151.055,59.340438515,1.919,0.183,37.523572515,1.935,0.184,38055321.656,2143.029,38338857.061,205.577,1338.888,4.362,0.415,62.476427485,2151.41,206.441,1.871,0.18,1.881,0.181,4.199,0.403,991.426,119.716,266245.389,33732765.779,21330713.33,35515455.359,1372515.275,0,878605,4152468,0,143928.916,0,0,16565885.719,39401677.97,17444490.719,16299640.33,0.725,0.088,0.541,0.071,0.145,0.018,2.414437607,0,577025483.583,370229247.581,229465919.47,158695656.47,1.545583494,1247566.761,35.127,21.946,461.544,2162.761,66.958,2.089,2.045,4.98,7.304745589,56846167.863,22513122.966,34129.507,2.079,1.922,14620.654,0.184,0.184,1.201,1.299,1552.857,199.7,0,0.253190179,3.037,0.391,2.648,0.354,0,0.524,0.067,74295.904,4.184,0.401,2.614,0,29.141604617,69.312811890,30.687188110,28.673243432
16,5504.2,1,ID,3.799308151,147.462,1158.384,205.912,156639.684,48.631,10.372,0.514291090,3.358,0.597,78.672571903,3.562,0.597,1107906.033,687.928,1113532.046,74.371,146.717,18.661,3.317,21.327428097,862.172,120.907,0.226,0.031,0.221,0.031,0.377,0.053,857.418,119.842,573793.861,77671.265,11881594.49,3220993.62,2494649.494,78799,8996995.49,0,0,1,74878,0,3458392.861,2647199.759,12455388.351,2805800,0.17,0.024,0.178,0.024,0.086,0.012,16.518026419,0.521758254,142787927.951,29793960.953,64526619.321,13420819.321,59.572540974,25685.794,7.974,1.701,84.974,720.563,15.159,1.189,1.114,0.614,0,15102586.656,6838475.828,17168.08,9.972,10.66,7272.29,1.152,1.084,2.274,2.127,100772,163.326,0,6.621381665e-06,1956,3.17,,3.174,0.495795816,180,0.292,1056.256,0.656,0.071,0.14,0,22.899339079,17.528119947,82.471880053,18.578272675
17,61001.5,1,IL,0.280196404,996.739,2208.259,207.82,22342951.851,237.653,110.535,43.177985352,1.023,0.096,53.488724987,0.997,0.093,99999815.004,2127.313,100737475.324,202.543,989.441,3.375,0.318,46.511275013,2144.351,204.399,0.982,0.093,1.008,0.096,3.192,0.304,1046.019,119.228,566372.36,87277413.641,108118930,94015127.273,5464573.982,0,132298,97857900,341539.369,86756.051,278471.87,45838,10695104.36,191306654.913,10827402.36,10082894,0.819,0.093,0.846,0.09,0.478,0.055,2.703440507,0,2108558578.448,987443116.45,868021123.251,406146930.252,0.065450623,3245544.02,34.522,16.056,448.635,2062.629,65.056,1.044,1.001,3.361,48.412376084,202134056.529,82777027.401,49458.428,1.029,1.052,19811.37,0.1,0.098,0.489,0.479,2794.218,162.811,0.168966761,0.042920056,36.026,2.099,33.412,2.036,0.137765933,6.64,0.387,148984.198,3.169,0.302,1.474,0.022677030,5.291094685,94.643454692,5.356545308,4.988221251
18,40244.5,1,IN,0.338571356,1982.87,2184.096,207.251,24404649.908,219.021,212.171,84.568328835,2.175,0.206,3.400939060,2.093,0.198,113232514.534,2032.424,114038178.477,201.588,1968.862,5.91,0.561,96.599060940,2082.728,202.831,1.965,0.189,2.011,0.196,5.421,0.528,882.62,119.072,390538.743,97548739.117,3922949.9,111426070.781,9572346.436,0,371153,0,2180429.777,1362544.175,371472.533,102126.9,3942335.643,111035532.038,4313488.643,3449670,0.161,0.022,0.209,0.027,0.037,0.005,8.298593590,0,1163969260.912,1123405971.914,494146990.818,481743596.821,0.321765194,3544613.68,31.811,30.816,389.775,1969.738,56.525,1.832,1.773,5.751,0,115023340.266,48022408.66,112928.537,2.008,2.027,46714.66,0.201,0.194,1.964,1.946,-39368.587,163.326,1.890288937,1.181236015,-322.283,1.337,85.924,1.196,0.322042208,-115.376,0.479,293960.007,5.276,0.523,5.111,0.088537293,3.417745222,96.260489584,3.739510416,2.990636574
20,18320.4,1,KS,0.119081757,1419.021,2352.076,209.564,7652669.758,252.494,153.891,57.819376867,1.734,0.155,39.051544148,1.8,0.159,35029736.454,2311.56,35282359.807,204.274,1408.86,2.185,0.195,60.948455852,2316.397,204.736,1.865,0.164,1.8,0.159,2.087,0.184,1566.877,118.807,59216.693,28752282.22,19419459,30308303.176,1452523.39,0,16214,8558384,0,44279.903,0.97,0,10904077.693,38807470.483,10920291.693,10844861,3.15,0.239,2.961,0.23,0.039,0.003,2.920950645,0,535882718.872,342968032.872,236763791.867,156215685.867,0.032605529,1111421.424,36.671,22.35,475.071,2288.986,68.808,2.177,2.227,2.694,17.210474844,49727761.916,21780081.454,27725.67,1.947,1.83,12924.962,0.162,0.165,1.115,1.187,4770.954,157.81,0,0.089044632,30.618,1.013,24.603,0.86,1.950620654e-06,2.727,0.09,31570.663,2.083,0.184,1.27,0,21.927545532,78.039848939,21.960151061,21.808463774
21,29647.6,1,KY,0.492856919,2084.279,2166.138,204.14,21727248.228,247.596,239.033,91.974961505,2.01,0.189,3.458405156,1.895,0.178,94007833.114,2142.559,94726747.515,202.551,2068.46,4.685,0.441,96.541594844,2153.977,203.246,1.889,0.177,1.992,0.188,4.63,0.437,1126.677,118.752,447989.37,83601961.232,3143567,87752868.143,2500197.072,0,3143567,0,49941.272,1152779.197,0,0,447989.37,87304878.773,3591556.37,0,0.502,0.053,0.689,0.059,0.006,0.001,2.750599700,0,958134641.024,928239324.021,395423053.713,384682970.719,3.458405156,3166311.575,36.082,34.834,487.933,2137.485,71.026,2.112,1.995,5.009,0,90896434.998,37185318.005,87906.156,1.914,2.003,34349.656,0.189,0.179,1.934,1.847,1825.981,163.326,0.054943048,1.268233672,35.933,3.214,35.962,3.214,0,3.242,0.29,202494.891,4.615,0.436,4.456,0,0.492856919,96.048737924,3.951262076,0
22,34085.4,1,LA,2.668054279,979.633,2197.406,211.442,7060837.069,82.314,68.206,18.449649025,1.697,0.163,17.662892251,1.579,0.15,50474153.179,1176.834,50707234.2,144.347,975.13,7.118,0.685,82.337107749,1226.571,150.273,1.088,0.129,1.052,0.129,1.681,0.206,897.472,116.028,2779604.152,19221018.64,18401368,85779576.655,56072107.84,0,1090038,17311330,1991004.006,5231073.907,484768.11,0,2779604.152,100311302.503,3869642.152,0,0.942,0.122,1.037,0.128,0.056,0.007,53.821846237,0,891989968.371,699344838.37,415524824.896,334983574.896,1.046293066,1025433.753,11.954,9.905,171.721,1255.466,24.748,1.176,1.233,1.655,16.616599185,103522968.665,47038606.594,44407.007,1.083,1.035,21104.258,0.127,0.126,0.858,0.897,1543.611,205.312,1.911101894,5.021142709,0.811,0.108,0.756,0.097,0.465313606,2.548,0.339,67219.236,1.567,0.192,1.299,0,2.668054279,96.285652655,3.714347345,0
25,18890.2,1,MA,3.861709113,895.553,2042.551,200.409,3512907.487,144.567,113.268,9.012169579,1.298,0.127,21.645598702,1.489,0.133,13778384.035,1134.043,13887420.104,126.574,888.522,2.014,0.198,78.354401298,1096.978,134.71,0.214,0.028,0.397,0.049,0.429,0.053,926.785,119.853,1197608.211,2794888.991,6712817.04,24299570.894,18473432.313,0,438774,5769154,877548.911,956092.468,0,294106.04,1702497.251,28871116.683,2141271.251,210783,0.192,0.025,0.156,0.02,0.11,0.014,59.567913159,0,291413753.353,217712511.558,126648703.286,96908329.287,1.414834617,465487.369,19.156,15.009,178.561,1199.59,24.537,0.664,0.413,0.641,18.602740338,31014178.671,14058768.057,10452.05,0.663,0.86,3651.134,0.096,0.075,0.674,0.519,1653.178,154.991,2.829672171,3.082937277,2.295,0.215,2.05,0.182,0,2.4,0.225,5780.305,0.476,0.053,0.373,0.948350190,5.489732860,93.095432523,6.904567477,0.679673556
24,17843.5,1,MD,1.499610505,1169.671,2155.075,200.397,5412138.452,252.278,143.105,46.545608928,1.339,0.124,43.275039026,1.084,0.098,21940310.507,2045.424,22118156.461,187.154,1160.266,2.509,0.233,56.724960974,2064.983,193.17,1.126,0.102,1.371,0.128,2.433,0.228,1123.192,119.759,567144.37,17603290.965,16366379.58,21453065.413,2505890.296,0,1615523,14343334,313284.157,463455.625,0,93184.58,974666.95,35229255.043,2590189.95,314338,1.193,0.127,1.212,0.122,0.013,0.001,6.625930911,0,403720358.525,234462675.527,169183766.001,96930013.002,4.271672946,780764.52,36.394,20.645,479.389,2079.138,69.38,1.712,1.407,2.902,37.925818326,37819444.988,15601585.799,16263.872,1.26,1.516,5573.744,0.139,0.115,0.86,0.715,5390.414,166.881,0.828367939,1.225442692,15.626,0.484,15.504,0.362,0,54.04,1.673,25339.594,2.362,0.216,1.34,0.246393304,2.577158259,93.151168796,6.848831204,0.831154450
23,5832.4,1,ME,25.626137491,356.299,0,0,2228291.412,261.287,168.226,0.597200199,0,0,35.616306294,0,0,2292308.362,537.587,2359733.61,66.365,346.119,0,0,64.383693706,693.386,107.653,0.142,0.023,0.243,0.038,0.496,0.077,636.607,102.209,3394385.762,79103.917,4717663.09,8528132.392,4344551.577,0,3620334.09,0,308447.347,304961.789,96682,0,4491714.762,5133746.63,8112048.852,1097329,0.156,0.025,0.13,0.022,0.191,0.031,32.799476505,0,112036079.926,69082077.747,46397018.553,28763540.95,27.331949183,315950.102,37.048,23.853,281.207,648.047,39.723,0.512,0.345,0.551,0,13245795.392,5698354.795,3183.681,0.631,0.747,1158.127,0.092,0.081,0.481,0.406,1843.087,171.571,2.328643436,2.302328987,2.006,0.187,2.769,0.195,0.729907087,6.671,0.621,2342.25,0.549,0.068,0.354,0,33.910494603,38.757556215,61.242443785,8.284357112
26,35992.4,1,MI,2.628850360,1282.398,2226.614,208.872,15393448.419,217.587,144.204,49.556011948,1.957,0.184,33.725740903,1.961,0.183,67940295.658,1920.678,68446445.476,185.982,1272.915,5.667,0.532,66.274259097,1996.046,194.334,1.722,0.166,1.685,0.164,4.599,0.448,1031.494,119.386,2806234.2,52899844.599,36001413,70746169.22,12465145.138,0,899133,31245848,1505855.132,1051298.436,17791.715,0,6662666.2,99185783.02,7561799.2,3856432,0.535,0.062,0.576,0.067,0.133,0.015,11.677215426,0,1109388715.131,730611492.16,483603296.789,317963286.767,0.842298234,2222700.709,31.418,20.822,396.87,1882.348,57.284,1.71,1.74,4.63,29.270778176,106747581.842,46153964.261,64216.251,1.851,1.815,28310.625,0.176,0.178,1.203,1.227,8748.576,157.651,1.410669076,0.984845197,108.794,1.96,93.447,1.881,0.016667089,16.322,0.294,156964.363,4.437,0.43,2.941,0,6.241514853,92.916186912,7.083813088,3.612664493
27,21057.5,1,MN,3.094290873,1209.946,2240.388,208.519,8776872.088,257.773,154.031,49.062881731,1.754,0.163,40.245602631,1.749,0.162,34198306.05,2008.779,34472151.508,189.735,1200.334,1.951,0.182,59.754397369,2090.154,199.549,1.571,0.15,1.601,0.153,1.737,0.166,918.8,110.288,1763167.904,27956679.541,22932477.18,34048846.694,3871764.082,0,548488.18,12707166,281012.611,60247.676,115974.88,2653,11439990.904,44992844.79,11988479.084,9674170,0.37,0.044,0.286,0.036,0.057,0.007,6.794794889,0,590782741.595,360484230.132,239185509.836,148048811.543,0.962575354,1258627.15,36.965,22.088,447.764,1785.764,63.737,1.976,1.969,1.851,22.300580499,56981323.968,22980543.568,27615.404,1.62,1.622,11121.507,0.153,0.15,0.969,0.968,704.311,56.794,0.493166167,0.105732321,5.415,0.437,2.195,0.18,0.203531389,1.146,0.092,29008.192,1.704,0.161,1.018,0.004655911,20.076737651,78.960686995,21.039313005,16.977790866
29,24280.5,1,MO,0.131651306,1757.839,2050.08,209.126,18373415.088,239.544,209.183,82.438725916,2.025,0.207,12.674317234,1.948,0.196,76592408.913,1997.152,77198995.728,205.117,1744.027,3.705,0.378,87.325682766,1998.769,205.298,1.869,0.19,1.951,0.2,3.538,0.363,1003.129,119.301,115634.579,72409212.313,11132357,76701620.913,4047005.084,0,716189,9276356,26122.798,103646.139,0,8707,1255446.579,85862342.334,1971635.579,1131105,0.475,0.057,0.445,0.054,0.306,0.036,4.607562108,0,861313933.618,746818340.615,384412380.157,332511527.155,0.815389462,2668812.629,34.795,30.385,444.157,1924.159,64.303,1.688,1.61,3.078,10.561238624,87833977.052,38714169.587,75218.166,1.874,1.961,31674.39,0.201,0.191,1.713,1.636,6200.389,163.326,0.029741108,0.118002328,50.618,1.333,153.796,1.478,0,12.491,0.329,135591.027,3.536,0.363,3.087,0.009913020,1.429340454,97.755270084,2.244729916,1.287776128
28,19439.1,1,MS,2.735403803,991.346,1738.009,181.616,3502986.073,78.061,63.544,19.486908245,1.991,0.208,18.597358777,2.084,0.213,27209854.058,1212.698,27325002.221,145.563,987.168,9.891,1.034,81.402641223,1256.688,149.016,1,0.117,0.943,0.112,4.197,0.498,900.429,118.781,1507948.559,10742565.75,10252183,44874908.557,32605949.438,0,0,10252183,4343.955,14100.855,0,0,1507948.559,53619142.998,1507948.559,0,0.17,0.022,0.147,0.02,0.005,0.001,59.146870472,0,481086155.812,373857435.81,231007546.478,179787627.477,0,505592.312,11.267,9.171,149.253,1243.881,20.999,0.983,1.032,4.575,18.597358777,55127091.661,26236752.278,20770.756,0.984,0.926,10508.096,0.111,0.117,0.754,0.801,1396.346,119.54,0.007879891,0.025578812,0.538,0.046,0.521,0.043,0,0.022,0.002,92660.904,4.13,0.496,3.362,0,2.735403803,97.264596197,2.735403803,0
30,7011.7,1,MT,0.042994134,1302.444,2414.679,209.936,4114465.4,244.893,135.981,51.489236393,2.479,0.216,44.473249347,2.526,0.221,19566329.31,2329.176,19704425.686,206.835,1293.316,1.905,0.166,55.526750653,2368.339,207.324,2.49,0.216,2.438,0.213,1.823,0.16,1382.073,119.428,13009,15579415.51,13456545.08,16801071.077,515453.876,0,11482751,0,9.806,428368.885,264814,0,1986803.08,16788062.077,13469554.08,1973794.08,2.32,0.2,2.443,0.122,0.013,0.001,1.703550846,0,319687999.737,189197877.735,133296100.677,74759707.674,37.949952635,612222.509,36.439,20.234,454.749,2194.927,66.171,2.437,2.516,1.939,0,30257616.001,12622434.779,20193.627,2.303,2.404,8069.121,0.213,0.216,1.335,1.279,1849.287,225.447,3.240836935e-05,1.415739042,1.001,0.122,0.95,0.117,0.875197830,0.987,0.12,15063.597,1.793,0.159,0.996,0,6.566290846,55.483756519,44.516243481,6.523296712
37,45383.3,1,NC,1.987482320,986.585,1947.092,204.788,13214880.952,161.922,104.654,38.426204526,1.465,0.154,36.308502827,1.372,0.143,61856262.677,1515.855,62288821.307,171.863,979.734,1.556,0.164,63.691497173,1601.143,177.762,0.899,0.102,1.033,0.115,1.017,0.113,962.276,119.251,2546700.801,49238196.915,46524636.87,81612392.332,28737608.197,0,4834092.24,40967020,313277.65,458733.769,317875,723524.63,3270225.431,120032711.531,8104317.671,0,0.225,0.028,0.162,0.021,0.026,0.003,22.427247124,0,1200493741.163,719831375.161,527635028.465,318680293.461,3.772595845,1905777.041,23.352,15.093,279.445,1469.078,40.161,0.975,0.827,0.879,31.971257844,126271599.062,56174850.693,43456.111,0.963,1.065,17476.333,0.121,0.11,0.688,0.622,2144.025,146.595,0.244486431,0.358002501,5.742,0.393,2.607,0.176,0.248074270,1.018,0.07,43435.036,1.064,0.121,0.688,0.564649137,2.552131458,93.675272697,6.324727303,0
38,8672.6,1,ND,0.007273224,1822.312,2395.736,217.369,7396551.647,266.747,202.854,75.129413564,3.399,0.308,23.952746389,3.425,0.309,32978634.418,2378.661,33223033.793,216.649,1808.907,3.689,0.335,76.047253611,2385.459,216.774,3.394,0.309,3.375,0.307,3.661,0.333,1032.536,118.86,2652,27394068.217,8733772,27728735.715,234654.802,0,2531360,0,40143.241,25777.455,31440,0,6205064,27726083.715,8736424,6202412,0.122,0.014,0.027,0.015,0.005,0.001,0.643550915,0,387800023.028,304442858.028,150541080.487,118365159.488,6.942363975,1075713.436,38.794,29.502,535.561,2381.626,77.787,4.318,4.64,3.755,0,36462507.669,14166705.351,46631.84,3.389,3.363,18253.446,0.306,0.308,2.558,2.577,4260.17,163.326,0.110094570,0.070695782,27.735,1.063,27.661,1.06,0.086225556,12.671,0.486,50584.863,3.649,0.332,2.775,0,17.017655638,76.039980387,23.960019613,17.010382414
31,9644.1,1,NE,0.162777530,1403.77,2177.411,209.68,6305348.662,247.905,159.908,63.204300123,1.967,0.189,35.496206362,1.899,0.183,27467790.656,2159.878,27676116.815,207.862,1393.203,4.923,0.474,64.503793638,2165.361,208.442,1.88,0.181,1.954,0.188,4.858,0.468,1260.058,119.295,64185.033,24922174.99,13996558.22,25434580.075,405707.547,0,1157781,10101838,0,42512.505,0,0,2801124.253,35472233.042,3958905.253,2736939.22,0.78,0.074,0.783,0.075,0.022,0.002,1.028901433,0,406984081.21,264289047.209,174769905.789,114651928.788,2.936209935,916903.213,36.049,23.253,502.505,2162.574,72.983,2.237,2.16,4.995,25.618935787,39431137.998,16925088.455,25213.334,1.93,1.983,10532.789,0.191,0.184,1.279,1.245,3855.421,163.326,0,0.107814552,29.187,1.236,21.234,1.063,0,10.438,0.442,61637.945,4.847,0.466,3.126,0,7.103838170,89.959951895,10.040048105,6.941060640
33,4673.8,1,NH,7.886050596,384.538,2078.85,205.165,2090123.889,275.844,106.975,6.709858731,2.911,0.287,61.218989719,3.255,0.284,3691522.009,974.378,3756629.846,100.46,377.874,1.811,0.179,38.781010281,1151.505,142.878,0.19,0.025,0.716,0.089,0.486,0.06,887.359,120.489,1540807.712,1310998.7,11961208,7577186.957,4388291.442,0,1381362,10168265,49639.271,287449.832,0,0,1952388.712,16204644.245,3333750.712,411581,0.093,0.013,0.085,0.012,0.007,0.001,22.459835885,0,196894208.631,73492319.632,83253532.089,28856067.084,7.069987085,278463.776,36.75,14.252,387.376,1160.188,52.806,1.127,0.514,1.023,52.042478527,19538394.984,8335017.012,3951.733,0.594,1.043,959.33,0.108,0.066,0.405,0.23,1988.637,150.867,0.254060127,1.471204941,2.646,0.201,1.686,0.107,0,4.851,0.368,2893.492,0.764,0.079,0.296,0,9.992574704,82.937438212,17.062561788,2.106524108
34,27095.3,1,NJ,1.495458195,556.56,2009.306,176.39,2699755.513,77.753,40.404,3.766315184,1.377,0.121,47.663371829,1.2,0.105,18512129.099,1066.294,18594472.852,123.044,554.096,1.132,0.099,52.007695957,1054.741,127.787,0.401,0.047,0.403,0.049,0.129,0.016,941.026,119.476,998426.33,2514539.195,31821929.6,34722370.153,30104013.293,0,-219608,31507121,537502.805,465257.53,102631,511561.6,1532842.93,65231064.823,1313234.93,22855,0.284,0.036,0.296,0.036,0.01,0.001,45.090250565,0,650386734.159,300901497.584,268580363.927,137232608.481,0,348363.361,10.033,5.214,102.413,1127.218,13.278,0.593,0.59,0.172,47.191846703,66819245.204,27937571.993,10573.821,0.635,0.609,4606.839,0.07,0.067,0.316,0.33,1766.96,136.489,0.805079905,0.696869829,3.515,0.272,3.286,0.193,0.153722278,0.859,0.066,2434.691,0.14,0.016,0.073,0.766224772,2.295915535,97.704084465,1.966983321,0.034232568
35,11368.4,1,NM,0.043891623,1692.491,2197.867,207.971,5365411.465,182.443,166.083,63.009713739,4.037,0.382,8.967256902,4.053,0.379,27162310.412,1847.234,27338429.025,184.197,1681.588,1.174,0.111,91.032743098,1847.234,184.197,2.988,0.298,3.075,0.307,0.821,0.082,1042.937,118.645,14179.428,20355631.4,2896921.21,29408623.748,8975656.138,8736,98381,0,0,63156.782,0,515054.21,2812719.638,29394444.32,2911100.638,2274750,0.87,0.099,0.798,0.092,0.01,0.001,27.783639464,0.027041797,322476639.246,294926922.244,142551884.804,131975444.804,0.304532860,772785.755,26.278,23.921,296.071,1657.703,42.283,2.908,2.781,0.715,0,32305545.001,14284101.042,45223.078,3.026,3.075,19677.001,0.307,0.298,2.8,2.755,2674.89,163.325,0,0.195498272,17.059,1.042,16.844,1.033,0,7.718,0.471,12065.666,0.821,0.082,0.747,1.594321379,8.706615665,90.988851475,9.011148525,7.041360865
32,19705.1,1,NV,0.068623745,968.447,2222.419,209.729,2123037.248,72.287,59.301,18.289601194,2.539,0.24,17.964862951,2.625,0.246,17268190.306,1175.93,17335693,145.911,964.676,3.093,0.292,82.035137049,1167.619,145.511,0.964,0.12,0.968,0.121,0.694,0.087,864.239,118.643,24568,6547863.6,6431604,29369415.009,22761837.139,2728788,2389000,0,5151.38,15029.89,14965,1013682,4067172,29344847.009,6456172,300134,0.516,0.071,0.519,0.071,0.004,0.001,63.578740966,7.622095894,296753925.145,236694687.145,139188737.778,113858424.772,6.672994418,291682.604,9.932,8.147,133.154,1144.085,18.16,0.904,0.895,0.539,0,35801018.998,16880656.856,14437.66,1,0.983,6925.994,0.122,0.122,0.807,0.821,-140.309,163.321,0.014388920,0.041981738,-2.763,3.216,-2.563,3.207,0.041800486,-0.247,0.288,10623.474,0.723,0.09,0.593,2.831433373,11.360492278,81.966513304,18.033486696,0.838339266
36,50627.6,1,NY,1.759644732,523.841,2102.731,206.876,5008632.912,78.077,37.476,3.356195681,2.611,0.257,53.114541637,1.983,0.19,34851025.381,1086.545,35005293.088,123.031,521.532,6.549,0.644,46.885458363,1150.882,128.335,0.469,0.052,0.614,0.068,0.693,0.077,1043.656,119.795,2407602.16,4592054.193,72673013.39,64150182.576,54113043.431,0,25595572.24,43038624,901624.395,2135858.397,0,70410,6446419.31,104781204.416,32041991.55,3968407.15,0.381,0.044,0.363,0.041,0.047,0.005,39.549612220,0,1303181506.017,566540169.018,556938885.491,252113995.497,18.707041638,655981.067,10.226,4.908,120.594,1260.291,16.035,0.881,0.687,0.977,31.455648800,133648655.493,57141330.761,27895.629,0.764,0.87,10477.964,0.098,0.083,0.417,0.367,1367.649,127.399,0.658970424,1.561035307,1.165,0.109,0.728,0.066,0,1.852,0.173,21144.742,0.659,0.075,0.316,0.051460573,4.711495931,76.581462431,23.418537569,2.900390626
39,44230.8,1,OH,0.608597153,1610.333,2104.764,206.442,22886922.211,196.43,170.183,66.830220671,1.863,0.183,13.361992760,1.719,0.167,107527606.05,1845.738,108282178.403,191.297,1599.111,6.806,0.668,86.638007240,1860.563,192.584,1.347,0.139,1.504,0.156,5.388,0.558,882.146,118.553,818467.214,89876109.747,17969773.49,116514459.607,23635609.054,0,478007.22,16284440,936764.939,1247508.653,0,53908.27,2025793.484,131980432.393,2503800.704,1153418,0.119,0.016,0.124,0.016,0.005,0.001,17.575003783,0,1310596765.111,1124193138.111,554878679.527,469402868.527,0.355437369,3318338.546,28.48,24.675,411.28,1928.843,59.813,1.827,1.638,8.555,12.108809802,134484232.266,56715800.942,91402.905,1.402,1.569,34457.455,0.163,0.147,1.359,1.215,2887.051,207.554,0.696561164,0.927624469,1.601,0.115,1.064,0.081,0,4.175,0.3,313246.475,5.377,0.557,4.658,0.040085197,1.506342742,98.138219889,1.861780111,0.857660391
40,31554,1,OK,0.483322738,1362.934,2234.99,204.713,8405593.895,147.736,120.073,42.719101468,1.949,0.178,18.723764085,1.851,0.171,47430123.004,1667.257,47705251.104,172.942,1355.074,4.766,0.437,81.272980537,1679.013,173.638,1.303,0.136,1.394,0.144,2.696,0.279,956.363,118.841,338355.115,29905951.775,13107766,56895996.241,26641474.39,0,1322675,0,-2278.961,12493.922,0,0,12123446.115,56557641.126,13446121.115,11785091,0.671,0.083,0.584,0.073,0.005,0.001,38.055964789,0,674170800.281,548509796.286,298449979.651,250454924.649,1.889372656,1205608.796,21.19,17.222,280.156,1641.18,39.936,1.419,1.32,2.589,0,70003762.499,31196241.022,39470.566,1.342,1.387,17012.938,0.144,0.136,1.128,1.091,1708.542,163.326,0,0.017846920,28.816,2.755,28.885,2.758,0,2.693,0.257,76340.819,2.684,0.278,2.181,0,17.317714167,80.789657799,19.207086823,16.834391429
41,19744.8,1,OR,1.901239219,311.806,2098.775,209.76,1710318.148,100.101,28.453,5.311179278,2.093,0.209,71.575887086,2.057,0.207,9317739.159,1090.689,9371444.824,126.563,310.019,4.644,0.464,28.424112914,1163.698,139.083,0.726,0.083,0.719,0.086,0.945,0.113,926.601,116.532,1142850.336,3192593,43024847.05,17085965.127,12697633.88,183467,35261936,0,43003.932,9883.979,0,24042.05,8905761.386,15943114.791,44167697.386,7555402,0.37,0.047,0.392,0.046,0.007,0.001,21.123710394,0.305214642,556408818.247,147242518.245,225300015.853,59247952.859,58.661553093,230628.224,13.498,3.837,187.557,1035.326,25.217,0.729,0.747,0.747,0,60110811.966,24045181.854,9563.999,1.133,1.12,3870.222,0.13,0.131,0.318,0.322,0,0,0.071541093,0.016442930,0,0,0,0,0,0,0,7794.65,0.912,0.106,0.259,0.039996216,14.815573211,26.522873695,73.477126305,12.569123135
42,59364.1,1,PA,1.109871488,995.541,2090.965,207.737,20508739.346,150.094,92.781,35.733038779,2.965,0.295,38.184435202,2.742,0.27,109308570.704,1599.957,110028991.649,173.6,989.022,6.826,0.678,61.815564798,1616.117,177.134,1.592,0.176,1.852,0.203,4.083,0.447,896.926,118.851,2453300.916,78985628.257,84404285.42,136639406.79,53026191.108,0,2062504,78714659,1376238.142,798048.367,0,62392.42,6080423.336,212900764.874,8142927.336,3564730,0.104,0.014,0.096,0.013,0.006,0.001,23.989008950,0,2142256624.648,1259318224.65,895331958.133,529730832.133,0.933075257,3258757.696,23.849,14.743,279.717,1596.805,44.474,2.056,1.741,4.395,35.610452492,221043691.598,92554527.661,131571.898,1.686,1.926,48219.39,0.209,0.182,1.19,1.042,1548.847,129.091,0.622609100,0.361036481,3.158,0.263,2.502,0.209,0,0.802,0.067,275665.301,4.035,0.438,2.494,0.028226284,2.750778941,96.316145801,3.683854199,1.612681169
44,2391,1,RI,3.312580792,893.664,0,0,105997.272,17.052,16.988,0,0,0,0.379570200,0,0,2785267.83,896.162,2788087.42,115.872,892.76,0,0,99.620429800,926.986,119.336,0.169,0.022,0.24,0.031,0.014,0.002,925.399,119.224,206694.39,0,23683.96,6215994.496,5935766.492,0,3963.96,0,0,73533.614,0,9803,226414.39,6009300.106,230378.35,9917,0.175,0.023,0.164,0.021,0.009,0.001,95.129364980,0,48300332.357,48075096.357,26766336.734,26672851.734,0.063528274,11010.437,1.771,1.765,35.001,921.204,3.629,0.262,0.176,0.019,0,6239678.499,3438907.58,838.581,0.194,0.27,332.964,0.035,0.025,0.269,0.194,1819.176,163.326,0,1.178484028,36.942,3.317,36.969,3.316,0,3.23,0.29,76.921,0.025,0.003,0.025,0.157107455,3.628622718,96.307849008,3.692150992,0.158934472
45,30335.3,1,SC,2.509004490,737.778,2058.405,203.92,8026421.804,186.442,82.612,29.759946545,0.966,0.096,55.690431872,0.954,0.093,35581834.945,1653.028,35840698.448,176.76,732.45,1.772,0.176,44.309568128,1737.446,184.609,0.72,0.076,0.758,0.081,1.285,0.137,918.393,119.807,2437710.26,28914307.377,54107969,43050496.434,11406639.966,0,1684631,52418553,46265.08,245573.751,0,4785,2442495.26,93031339.174,4127126.26,0,0.218,0.028,0.15,0.02,0.043,0.006,11.740243030,0,975332063.06,402599669.052,414480687.621,190084968.622,1.733900379,1174252.158,27.276,12.086,303.729,1553.123,44.289,0.713,0.656,1.21,53.951606549,97158465.241,41158706.01,16861.28,0.825,0.783,7524.2,0.084,0.079,0.347,0.366,3972.47,163.326,0.047618167,0.252755897,29.753,1.223,12.892,3.179,0,11.326,0.466,28206.579,1.31,0.14,0.581,0.004924944,2.513929434,95.752170188,4.247829812,0
46,4587,1,SD,0,622.785,2340.411,209.76,725853.981,229.647,66.015,24.457999730,7.804,0.699,71.253628501,7.617,0.693,3399901.425,2151.338,3423832.796,198.79,618.432,10.284,0.922,28.746371499,2151.338,198.79,6.319,0.6,6.716,0.621,8.77,0.81,1053.198,119.173,0,2689215.7,7834507.26,3160732.456,464817.255,0,5498214.26,0,0,6699.501,0,0,2336293,3160732.456,7834507.26,2336293,0.355,0.04,0.25,0.03,0.021,0.002,4.227440847,0,108712146.879,34205981.877,44708896.185,13602642.184,50.005405994,105225.188,33.291,9.57,310.872,1765.737,44.519,4.495,3.929,5.684,0,10995239.493,4562005.886,10612.984,6.222,6.716,4079.538,0.621,0.6,1.93,1.788,3659.778,163.326,0,0.060930923,24.519,1.094,53,1.206,0,10.842,0.484,13860.014,8.77,0.81,2.521,0,21.248222507,28.746371499,71.253628501,21.248222507
47,27143.3,1,TN,1.336208216,1072.917,2192.732,206.895,8999701.689,207.611,113.194,45.121352060,0.985,0.093,45.477939688,1.001,0.093,42356033.255,1954.197,42652132.833,195.797,1065.468,3.011,0.284,54.522060312,2005.265,197.784,0.858,0.085,0.871,0.086,2.582,0.255,880.348,119.282,1062377.553,35874582.278,36158094,43348792.741,6199617.767,0,8409467,27670006,26453.608,185127.364,634.171,27481,1140998.553,69956421.188,9550465.553,51140,0.186,0.025,0.145,0.02,0.007,0.001,7.797585871,0,807576225.058,432653405.056,348182255.936,205234215.936,10.577029670,1316877.158,30.379,16.563,386.437,1952.161,56.232,0.87,0.826,2.918,34.802024245,79506885.795,34159212.237,19108.446,0.955,0.882,8889.162,0.088,0.087,0.481,0.52,1652.289,164.718,0.033272096,0.232844438,31.748,3.165,31.774,3.169,0.000797630,2.916,0.291,54968.138,2.536,0.254,1.383,0.034564301,1.435093990,87.987876341,12.012123659,0.064321472
48,171075.2,1,TX,0.413540444,1190.438,2237.399,212.588,37686790.44,105.431,86.033,33.887021023,1.297,0.123,18.250531893,1.329,0.125,259515373.168,1452.012,260736899.752,165.652,1184.86,4.601,0.437,81.749468107,1469.749,167.159,0.8,0.089,0.801,0.091,1.964,0.223,899.181,119.762,1808238.871,148173726.42,79801919.38,357456127.943,204531890.847,0,379588,39287443,2283211.986,278032.622,381027.197,256890.31,41943127.251,394935332.072,42322715.251,39877998.07,0.433,0.058,0.424,0.054,0.006,0.001,46.776015238,0,3928926323.262,3133264595.262,1853330041.139,1521720803.142,0.086810981,5336891.694,14.93,12.183,167.4,1384.362,23.278,0.743,0.735,1.76,8.984955964,438052226.109,203399996.945,147530.087,0.835,0.825,69301.693,0.094,0.091,0.674,0.681,1283.797,224.9,0.522165801,0.063585479,3.536,0.619,3.465,0.608,0.087140122,6.564,1.15,348425.936,1.949,0.222,1.591,0.058750276,9.592305392,90.320883627,9.679116373,9.120014672
49,10578.3,1,UT,0.165652510,1783.837,2081.076,205.16,8166905.116,194.599,186.525,76.229414329,3.198,0.315,4.148933831,3.132,0.31,38780765.838,1848.114,39052224.112,190.834,1771.437,1.735,0.171,95.851066169,1850.277,191.155,2.493,0.258,2.592,0.268,1.39,0.144,922.065,118.025,72530.166,33376687.52,1816591,41967934.716,8376420.037,521582,632823,0,3575.392,24317.601,114404,2235,1256298.166,41895404.55,1889121.166,659951,0.155,0.02,0.161,0.02,0.005,0.001,19.131005532,1.191247345,424658681.496,406433806.807,190987806.649,182759023.985,1.445311990,1198101.749,28.548,27.364,244.227,1479.364,34.661,1.454,1.376,0.837,0,43784525.997,19728130.232,55165.747,2.531,2.629,23930.827,0.271,0.262,2.52,2.426,1950.032,163.324,0.008165880,0.055539259,40.371,3.381,40.269,3.384,0.261288659,3.452,0.289,29271.136,1.395,0.144,1.337,0.005104543,2.869274351,95.685413659,4.314586341,1.507269953
51,33491.4,1,VA,4.971505332,883.615,1976.478,196.918,8251390.46,174.608,106.682,26.870454313,1.636,0.163,38.567029872,1.568,0.154,33907673.103,1435.044,34171818.506,152.261,876.784,2.597,0.259,60.993919280,1536.476,166.916,0.94,0.102,1.058,0.115,1.486,0.161,982.689,120.57,3851803.245,20818584.354,29880810.92,47256627.626,20881565.704,0,-340166.08,30220977,499767.358,1204906.965,0,0,3851803.245,73625801.381,3511637.165,0,0.309,0.038,0.276,0.034,0.102,0.013,26.951744062,0,770555773.117,445388676.483,324715780.259,192721714.29,0,1170182.825,24.762,15.129,303.994,1344.34,42.947,1.038,0.9,2.273,39.006080720,77345531.756,32511704.902,28358.67,1.124,1.2,11166.929,0.127,0.116,0.733,0.687,1674.668,162.423,0.645047508,1.555168065,3.561,0.345,3.767,0.341,0,0.32,0.031,33404.357,1.414,0.15,0.864,0,4.971505332,95.028494668,4.532454484,0
50,1303.3,1,VT,6.444478715,22.969,0,0,446683.631,969.692,63.587,0,0,0,93.442526570,0,0,66888.848,290.414,80676.847,25.45,19.044,0,0,6.557473430,3207.389,162.4,7.802,0.058,7.801,0.395,4.436,0.225,0,0,452707.423,0,6564088,460645,2464.52,0,1175321,5060582,0,5473.057,0,16875,780892.423,5068519.577,1956213.423,311310,0,0,0,0,0,0,0.035083469,0,72484045.378,5256527.375,30224179.527,1973216.525,16.731183947,58695.621,127.421,8.356,2158.275,501.694,284.148,1.474,1.369,0.701,72.039492462,7024733.008,2913465.67,425.62,1.685,1.848,160.914,0.162,0.163,0.121,0.11,3207.389,162.4,0,0.077911246,7.801,0.395,7.802,0.058,0,4.436,0.225,59.771,0.26,0.023,0.017,0.240222653,11.116328877,72.152487176,27.847512824,4.431627508
53,33789.8,1,WA,1.582183243,225.837,2436.889,209.76,2754726.278,136.982,23.692,5.779464704,2.253,0.194,82.704313671,2.195,0.194,13039063.387,1296.766,13129313.787,148.351,224.285,0.909,0.078,17.295686329,1425.925,163.761,0.792,0.092,0.908,0.104,0.341,0.039,830.367,118.745,1839644.054,6719928.253,96162375.33,20110127.35,11058815.331,0,79458391.33,9497321,401964.985,23540.727,66234,729,9046307.054,27767804.296,88504698.384,7205934,0.114,0.016,0.119,0.016,0.006,0.001,9.511118344,0,1099350439.675,175786252.666,487446842.878,72230642.865,68.338076070,395650.233,19.674,3.403,260.137,1369.092,37.58,0.967,0.821,0.441,8.168157373,116272503.358,51653721.39,9586.436,0.794,0.953,3547.475,0.109,0.098,0.165,0.137,1651.192,149.24,0.345709412,0.020246169,19.554,1.767,16.654,1.509,0.056964457,1.768,0.16,4369.976,0.435,0.05,0.075,0.000626975,7.780263472,23.881660458,76.118339542,6.197453253
55,23300.6,1,WI,2.692256289,1525.5,2238.444,208.17,10164501.916,214.007,166.608,61.357873284,1.11,0.103,22.181124969,1.099,0.102,46199117.555,1945.386,46534194.356,190.354,1514.515,2.236,0.208,77.818875031,2009.57,197.208,0.954,0.093,0.971,0.095,1.884,0.185,881.001,120.08,1643196.098,37449264.536,13538064.02,47496099.212,8024265.719,0,2471773.02,9447096,29528.978,317635.881,32208,1194,3262391.098,55299999.114,5734164.118,1618001,0.257,0.035,0.226,0.031,0.12,0.016,13.147170853,0,622546795.53,485403234.785,271525269.189,210622286.822,4.049818805,1473222.769,31.018,24.148,383.828,1815.981,55.335,1.073,1.035,1.838,15.478373913,61008457.569,26478219.918,26600.12,1.087,1.12,11203.167,0.11,0.106,0.872,0.846,1914.469,141.65,0.048381065,0.520423095,2.236,0.165,1.163,0.088,0.052770446,3.052,0.226,45583.73,1.919,0.188,1.494,0.001956281,5.345188539,90.604992656,9.395007344,2.650975969
54,19024.7,1,WV,0,1991.342,2049.527,207.694,18397242.778,236.882,228.942,95.595110604,1.837,0.186,3.351715421,1.848,0.186,79396883.002,2044.62,80009680.133,206.849,1976.09,2.469,0.25,96.648284579,2044.62,206.849,1.839,0.185,1.828,0.185,2.449,0.248,1432.354,119.823,0,76817906.04,2693357,77664211.033,653301.699,0,1241974,0,30877.901,162125.393,0,0,1451383,77664211.033,2693357,1451383,0.649,0.054,0.683,0.051,0.016,0.001,0.812993368,0,793293828.397,767679995.399,326954143.65,320029625.65,1.545559467,2707265.044,34.859,33.69,469.856,2062.713,68.953,1.777,1.763,3.963,0,80357567.778,32933561.992,70966.712,1.861,1.828,29614.5,0.185,0.185,1.766,1.798,0,0,0.038425629,0.201754977,0,0,0,0,0,0,0,95102.701,2.449,0.248,2.367,0,1.806155955,96.648284579,3.351715421,1.806155955
56,13269.3,1,WY,0,2012.743,2267.739,209.651,11164763.595,251.336,224.66,87.348057900,1.94,0.179,10.613425039,1.932,0.179,49643934.329,2235.12,50012815.245,208.517,1997.897,1.745,0.161,89.386574961,2239.001,208.731,1.92,0.179,1.925,0.179,1.714,0.16,682.739,116.945,0,43408650.866,5274467.15,44421716.039,557121.391,0,868710.15,0,336767.636,45123.24,74052.906,0,4405757,44421716.039,5274467.15,4405757,1.128,0.193,1.134,0.192,0.009,0.002,1.121054687,0,526339729.193,476160913.194,212453307.715,196011580.718,1.748041991,1623554.182,36.549,32.67,502.46,2234.14,73.062,2.087,2.094,1.867,0,49696183.631,20037933.751,42688.764,1.959,1.922,17543.374,0.179,0.179,1.718,1.751,1716.076,163.325,0.677652919,0.090798200,33.659,3.203,33.558,3.204,0.149011254,3.043,0.29,37992.094,1.711,0.16,1.529,0,8.865383048,89.386574961,10.613425039,8.865383048
